{"cameraMode":{"drawMode":0,"name":"Shaded","section":"Shading Mode"},"sceneLighting":true,"audioPlay":false,"sceneViewState":{"m_AlwaysRefresh":false,"showFog":true,"showSkybox":true,"showFlares":true,"showImageEffects":true,"showParticleSystems":true,"showVisualEffectGraphs":true,"m_FxEnabled":true},"in2DMode":false,"pivot":{"x":0.8192034363746643,"y":1.759574055671692,"z":0.8232408165931702},"rotation":{"x":-0.03571462258696556,"y":0.8566626906394959,"z":-0.06001249700784683,"w":-0.5110548734664917},"size":0.4759643077850342,"orthographic":false}