{"cameraMode":{"drawMode":0,"name":"Shaded","section":"Shading Mode"},"sceneLighting":false,"audioPlay":false,"sceneViewState":{"m_AlwaysRefresh":false,"showFog":true,"showSkybox":false,"showFlares":true,"showImageEffects":true,"showParticleSystems":true,"showVisualEffectGraphs":true,"m_FxEnabled":true},"in2DMode":false,"pivot":{"x":0.0000010132789611816407,"y":0.9012029767036438,"z":-0.02514493465423584},"rotation":{"x":0.25621193647384646,"y":-0.05303307622671127,"z":0.014082973822951317,"w":0.9650697708129883},"size":1.465915322303772,"orthographic":false}